stock_name,old_symbol,new_symbol,confidence,tv_name,industry
Chemkart India,544442,CHEMKART,1.0,CHEMKART,Other Food Products
Sharp India,523449,SHARP,1.0,SHARP,Consumer Electronics
BITS,526709,BITS,1.0,BITS,Software Products
KSE,519421,KSE,1.0,KSE,Animal Feed
Rishiroop,526492,RISHIROOP,1.0,RISHIROOP,Rubber
Virat Industries,530521,VIRAT,1.0,VIRAT,Garments & Apparels
Omnipotent,543400,OMNIPOTENT,1.0,OMNIPOTENT,Refineries & Marketing
Suraj Industries,526211,SURAJ,1.0,SURAJ,Breweries & Distilleries
Softsol India,532344,SOFTSOL,1.0,SOFTSOL,Real Estate related services
Rap Corp,531583,RAP,1.0,RAP,Real Estate related services
Ampvolts,535719,AMPVOLTS,1.0,AMPVOLTS,Power Distribution
VMS Industries,533427,VMS,1.0,VMS,Port & Port services
Kaka Industries,543939,KAKA,1.0,KAKA,Plastic Products - Industrial
CWD,543378,CWD,1.0,CWD,Consumer Electronics
Ultracab India,538706,ULTRACAB,1.0,ULTRACAB,Cables - Electricals
Alkosign,543453,ALKOSIGN,1.0,ALKOSIGN,Stationary
Praveg,531637,PRAVEG,1.0,PRAVEG,Hotels & Resorts
Nettlinx,511658,NETTLINX,1.0,NETTLINX,Other Telecom Services
Sealmatic India,543782,SEALMATIC,1.0,SEALMATIC,Other Industrial Products
Singer India,505729,SINGER,1.0,SINGER,Household Appliances
Nirlon,500307,NIRLON,1.0,NIRLON,Diversified Commercial Services
Nutricircle,530219,NUTRICIRCLE,1.0,NUTRICIRCLE,Other Food Products
Apis India,506166,APIS,1.0,APIS,Other Food Products
Hipolin,530853,HIPOLIN,1.0,HIPOLIN,Household Products
Marsons,517467,MARSONS,1.0,MARSONS,Other Electrical Equipment
NILE,530129,NILE,1.0,NILE,Industrial Minerals
WPIL,505872,WPIL,1.0,WPIL,Industrial Products
Vama Industries,512175,VAMA,1.0,VAMA,Computers Hardware & Equipments
Atishay,538713,ATISHAY,1.0,ATISHAY,Software Products
Resgen,543805,RESGEN,1.0,RESGEN,Refineries & Marketing
Repono,544463,REPONO,1.0,REPONO,Oil Storage & Transportation
Sanblue Corp.,521222,SANBLUE,1.0,SANBLUE,Trading - Textile Products
ADC India,523411,ADCINDIA,1.0,ADCINDIA,Telecom -  Equipment & Accessories
Sicagen India,533014,SICAGEN,1.0,SICAGEN,Trading & Distributors
Innokaiz India,543905,INNOKAIZ,1.0,INNOKAIZ,Advertising & Media Agencies
Telogica,532975,TELOGICA,1.0,TELOGICA,Telecom -  Equipment & Accessories
Citichem India,544324,CITICHEM,1.0,CITICHEM,Trading - Chemicals
MSR India,508922,MSRINDIA,1.0,MSRINDIA,Aluminium
Vedant Asset,543623,VEDANTASSET,0.9565217391304348,VEDANTASSET,Financial Products Distributor
Healthy Life,543546,HEALTHYLIFE,0.9565217391304348,HEALTHYLIFE,Dairy Products
Shiv Texchem,544272,SHIVTEXCHEM,0.9565217391304348,SHIVTEXCHEM,Trading - Chemicals
Vistar Amar,538565,VISTARAMAR,0.9523809523809523,VISTARAMAR,Other Food Products
3B Blackbio,532067,3BBLACKBIO,0.9523809523809523,3BBLACKBIO,Healthcare Service Provider
BN Agrochem,526125,BNAGROCHEM,0.9523809523809523,BNAGROCHEM,Trading & Distributors
Prime Fresh,540404,PRIMEFRESH,0.9523809523809523,PRIMEFRESH,Other Agricultural Products
Family Care,516110,FAMILYCARE,0.9523809523809523,FAMILYCARE,Healthcare Service Provider
Neetu Yoshi,544434,NEETUYOSHI,0.9523809523809523,NEETUYOSHI,Castings & Forgings
Warren Tea,508494,WARRENTEA,0.9473684210526315,WARRENTEA,Tea & Coffee
Marc Loire,544437,MARCLOIRE,0.9473684210526315,MARCLOIRE,Footwear
Lords Mark,501261,LORDSMARK,0.9473684210526315,LORDSMARK,Consulting Services
Gem Enviro,544199,GEMENVIRO,0.9473684210526315,GEMENVIRO,Waste Management
Super Iron,544381,SUPERIRON,0.9473684210526315,SUPERIRON,Castings & Forgings
Esha Media,531259,ESHAMEDIA,0.9473684210526315,ESHAMEDIA,Advertising & Media Agencies
Quest Flow,543982,QUESTFLOW,0.9473684210526315,QUESTFLOW,Other Industrial Products
JD Cables,544524,JDCABLES,0.9411764705882353,JDCABLES,Cables - Electricals
CIAN Agro,519477,CIANAGRO,0.9411764705882353,CIANAGRO,Edible Oil
Photoquip India,526588,PHOTOQUP,0.9411764705882353,PHOTOQUP,Household Products
Wim Plast,526586,WIMPLAST,0.9411764705882353,WIMPLAST,Plastic Products - Consumer
Diana Tea Co,530959,DIANATEA,0.9411764705882353,DIANATEA,Tea & Coffee
Kanco Tea,541005,KANCOTEA,0.9411764705882353,KANCOTEA,Tea & Coffee
Milkfood,507621,MLKFOOD,0.9333333333333333,MLKFOOD,Dairy Products
Pro CLB,540703,PROCLB,0.9230769230769231,PROCLB,Consulting Services
Ace Men,539661,ACEMEN,0.9230769230769231,ACEMEN,Distributors
HCKK Ventures,539224,HCKKVENTURE,0.9166666666666666,HCKKVENTURE,Diversified
Star Imaging,544482,STARIMAGIN,0.9090909090909091,STARIMAGIN,Healthcare Service Provider
Mysore Petro,506734,MYSORPETRO,0.9090909090909091,MYSORPETRO,Trading - Chemicals
Sattva Sukun,539519,SATTVASUKU,0.9090909090909091,SATTVASUKU,Distributors
Systematix Corp.,526506,SYSTEMATIC,0.9,SYSTEMATIC,Stockbroking & Allied
Solid Stone Co,513699,SOLIDSTON,0.9,SOLIDSTON,Other Construction Materials
Ludlow Jute,526179,LUDLOWJUT,0.9,LUDLOWJUT,Jute & Jute Products
Kings Infra,530215,KINGSINFR,0.9,KINGSINFR,Seafood
Thacker & Co.,509945,THACKER,0.875,THACKER,Other Financial Services
Techknowgreen,543991,TECHKGREEN,0.8695652173913043,TECHKGREEN,Consulting Services
Indsil Hydro,522165,INDSILHYD,0.8571428571428571,INDSILHYD,Ferro & Silica Manganese
Zodiac Vent.,503641,ZODIACVEN,0.8571428571428571,ZODIACVEN,Consulting Services
Tanfac Inds.,506854,TANFACIND,0.8571428571428571,TANFACIND,Commodity Chemicals
IEL,524614,SIEL,0.8571428571428571,SIEL,Other Food Products
M K Exim India,538890,MKEXIM,0.8571428571428571,MKEXIM,Distributors
Picturehouse,532355,PICTUREHS,0.8571428571428571,PICTUREHS,Film Production
SER Industries,507984,SERA,0.8571428571428571,SERA,Road Transport
Pecos Hotels,539273,ECOHOTELS,0.8571428571428571,ECOHOTELS,Restaurants
Forbes & Co,502865,FORBESCO,0.8571428571428571,FORBESCO,Household Appliances
Yash Chemex,539939,YASHCHEM,0.8421052631578947,YASHCHEM,Trading - Chemicals
Ajanta Soya,519216,AJANTSOY,0.8421052631578947,AJANTSOY,Edible Oil
Nicco Parks,526721,NICCOPAR,0.8421052631578947,NICCOPAR,Amusement Parks/ Other Recreation
Sahara Housing,511533,SAHARAHOUS,0.8333333333333334,SAHARAHOUS,Housing Finance Company
Bombay Talkies,511246,BOMTALKIES,0.8333333333333334,BOMTALKIES,Film Production
Swiss Military,523558,SWISSMLTRY,0.8333333333333334,SWISSMLTRY,Diversified consumer products
Colorchips New,540023,COLORCHIPS,0.8333333333333334,COLORCHIPS,TV Broadcasting & Software Production
Chowgule Steam,501833,CHOWGULSTM,0.8333333333333334,CHOWGULSTM,Shipping
OK Play India,526415,OKPLA,0.8333333333333334,OKPLA,Leisure Products
Jagatjit Inds.,507155,JAGAJITIND,0.8333333333333334,JAGAJITIND,Breweries & Distilleries
Vision Cinemas,526441,VISIONCINE,0.8333333333333334,VISIONCINE,Advertising & Media Agencies
Asian Star Co.,531847,SANSTAR,0.8235294117647058,SANSTAR,Gems
B C C Fuba India,517246,BCCFUBA,0.8235294117647058,BCCFUBA,Computers Hardware & Equipments
7NR Retail Ltd,540615,RRETAIL,0.8235294117647058,RRETAIL,Speciality Retail
JMD Ventures,511092,MKVENTURES,0.8181818181818182,MKVENTURES,Film Production
Madhuveer Com,531910,MADHUVEER,0.8181818181818182,MADHUVEER,Film Production
Super Tannery,523842,SUPTANERY,0.8181818181818182,SUPTANERY,Leather And Leather Products
Jupiter Info.,534623,JUPITERIN,0.8181818181818182,JUPITERIN,Internet & Catalogue Retail
Modi Naturals,519003,MODINATUR,0.8181818181818182,MODINATUR,Other Agricultural Products
Algoquant Fin,505725,ALGOQUANT,0.8181818181818182,ALGOQUANT,Other Financial Services
James Warren Tea,538564,JAMESWARREN,0.8148148148148148,JAMESWARREN,Tea & Coffee
DHP India,531306,DHINDIA,0.8,DHINDIA,Oil Equipment & Services
Swastika Castal,544452,SWASTIKAAL,0.8,SWASTIKAAL,Castings & Forgings
Guj. State Fin.,532160,GUJSTATFIN,0.8,GUJSTATFIN,Financial Institution
Sanmit Infra,532435,SANINFRA,0.8,SANINFRA,Refineries & Marketing
Pacific Inds,523483,PACIFICI,0.8,PACIFICI,Granites & Marbles
BNR Udyog,530809,BNRUDY,0.8,BNRUDY,Business Process Outsourcing (BPO)/ Knowledge Process Outsourcing (KPO)
Shish Industries,540693,ASHIS,0.8,ASHIS,Plastic Products - Industrial
Silverline Tech,500389,SILVERLINE,0.8,SILVERLINE,Software Products
Indian Acrylics,514165,INDIANACRY,0.8,INDIANACRY,Petrochemicals
Bihar Sponge,500058,BIHSPONG,0.8,BIHSPONG,Sponge Iron
G V Films,523277,GVFILM,0.8,GVFILM,Film Production
Haldyn Glass,515147,HALDYNGL,0.8,HALDYNGL,Packaging
Samrat Forgings,543229,SAMRATFORG,0.8,SAMRATFORG,Castings & Forgings
PG Foils,526747,PGFOILQ,0.8,PGFOILQ,Aluminium
Sarup Industries,514412,SHARP,0.8,SHARP,Footwear
Hawkins Cookers,508486,HAWKINCOOK,0.8,HAWKINCOOK,Houseware
Facor Alloys,532656,FACORALL,0.8,FACORALL,Ferro & Silica Manganese
Sudal Industries,506003,SUDAI,0.8,SUDAI,Aluminium
MRP Agro,543262,MRCAGRO,0.8,MRCAGRO,Distributors
Ambo Agritec,543678,AMBOAGRI,0.8,AMBOAGRI,Edible Oil
Hind Aluminium,531979,HINDALUMI,0.782608695652174,HINDALUMI,Aluminium
Shri Vasuprada,538092,VASUPRADA,0.782608695652174,VASUPRADA,Tea & Coffee
Punjab Commun.,500346,PUNJCOMMU,0.782608695652174,PUNJCOMMU,Telecom -  Equipment & Accessories
Beezaasan Exp.,544369,BEEZAASAN,0.782608695652174,BEEZAASAN,Explosives
Vandan Foods,544436,ANJANIFOODS,0.782608695652174,ANJANIFOODS,Edible Oil
Shahi Shipping,526508,SHAHISHIP,0.782608695652174,SHAHISHIP,Shipping
Tahmar Enterp.,516032,TAHMARENT,0.782608695652174,TAHMARENT,Breweries & Distilleries
Laxmipati Engg,537669,LAXMIPATI,0.782608695652174,LAXMIPATI,Ship Building & Allied Services
Shilchar Tech.,531201,SHILCTECH,0.782608695652174,SHILCTECH,Other Electrical Equipment
Sayaji Industr,540728,SAYAJIIND,0.782608695652174,SAYAJIIND,Other Agricultural Products
Mefcom Capital,531176,MEFCOMCAP,0.782608695652174,MEFCOMCAP,Other Capital Market related Services
Tradewell Hold,531203,TRADEWELL,0.782608695652174,TRADEWELL,Consulting Services
Neelkanth Rock,531049,NEELKANTH,0.782608695652174,NEELKANTH,Other Construction Materials
John Cockerill,500147,COCKERILL,0.782608695652174,COCKERILL,Industrial Products
Bengal & Assam,533095,BENGALASM,0.782608695652174,BENGALASM,Non Banking Financial Company (NBFC)
Nitin Castings,508875,NITINCAST,0.782608695652174,NITINCAST,Castings & Forgings
Divyashakti,526315,DIVSHKT,0.7777777777777778,DIVSHKT,Other Construction Materials
V R Woodart,523888,VRWODAR,0.7777777777777778,VRWODAR,Tyres & Rubber Products
Scan Steels,511672,SCANSTL,0.7777777777777778,SCANSTL,Iron & Steel
Regency Fincorp,540175,REGENCY,0.7777777777777778,REGENCY,Other Financial Services
Organic Recyclin,543997,ORGANICREC,0.7692307692307693,ORGANICREC,Waste Management
La Tim Metal & I,505693,LATIMMETAL,0.7692307692307693,LATIMMETAL,Trading - Metals
Prime Industries,519299,PRIMEPRO,0.7692307692307693,PRIMEPRO,Edible Oil
City Online Ser.,538674,CITYONLINE,0.7692307692307693,CITYONLINE,Telecom - Cellular & Fixed line services
Simplex Castings,513472,SIMPLEXCAS,0.7692307692307693,SIMPLEXCAS,Other Industrial Products
Technopack Poly.,543656,TECHNOPACK,0.7692307692307693,TECHNOPACK,Plastic Products - Consumer
Blue Cloud Soft.,539607,BLUECLOUDS,0.7692307692307693,BLUECLOUDS,Software Products
Spice LoungeFood,539895,SPICELOUNG,0.7692307692307693,SPICELOUNG,Restaurants
Associated Cera.,531168,ASSOCIATED,0.7692307692307693,ASSOCIATED,Other Construction Materials
Radix Industries,531412,RADIXIND,0.7692307692307693,RADIXIND,Personal Care
Bharat Agri Fert,531862,BHARATAGRI,0.7692307692307693,BHARATAGRI,Fertilizers
Shanti Guru Inds,534708,SHANTIGURU,0.7692307692307693,SHANTIGURU,Diversified Retail
Sizemasters Tech,513496,SIZEMASTER,0.7692307692307693,SIZEMASTER,Zinc
Parmeshwar Metal,544330,PARMESHWAR,0.7692307692307693,PARMESHWAR,Aluminium
Shree Ganesh Bio,539470,SHREEGANES,0.7692307692307693,SHREEGANES,Biotechnology
Systematic Inds.,544541,SYSTEMATIC,0.7692307692307693,SYSTEMATIC,Cables - Electricals
Vivo Bio Tech,511509,VIVOBIOT,0.7619047619047619,VIVOBIOT,Biotechnology
Samsrita Labs,539267,SAMSRITA,0.7619047619047619,SAMSRITA,Healthcare Service Provider
Gian Lifecare,542918,GIANLIFE,0.7619047619047619,GIANLIFE,Healthcare Service Provider
Cropster Agro,523105,CROPSTER,0.7619047619047619,CROPSTER,Packaging
Vikram Thermo,530477,VIKRAMTH,0.7619047619047619,VIKRAMTH,Commodity Chemicals
Quest Capital,500069,QUESTCAP,0.7619047619047619,QUESTCAP,Other Capital Market related Services
Vamshi Rubber,530369,VAMSHIRU,0.7619047619047619,VAMSHIRU,Tyres & Rubber Products
Captain Pipes,538817,CAPPIPES,0.7619047619047619,CAPPIPES,Plastic Products - Industrial
Winsome Brew.,526471,WINSOMBR,0.7619047619047619,WINSOMBR,Breweries & Distilleries
Tirupati Foam,540904,TIRUFOAM,0.7619047619047619,TIRUFOAM,Furniture
Kama Holdings,532468,KAMAHOLD,0.7619047619047619,KAMAHOLD,Holding Company
Mediaone Global,503685,ONEGLOBAL,0.75,ONEGLOBAL,Film Production
Jain Marmo Inds,539119,JAINMARMO,0.75,JAINMARMO,Other Construction Materials
Amco India,530133,AMIC,0.75,AMIC,Aluminium
Bilcare,526853,BIRLAPREC,0.75,BIRLAPREC,Healthcare Research
Aayush Art,540718,AAYUSH,0.75,AAYUSH,Other Textile Products
Tyroon Tea Co.,526945,TYROON,0.75,TYROON,Tea & Coffee
Asi Industries,502015,ASIIL,0.75,ASIIL,Industrial Minerals
Gamco Ltd,540097,GAMCO,0.75,GAMCO,Other Financial Services
iStreet Network,524622,ISTRNETWK,0.75,ISTRNETWK,Internet & Catalogue Retail
One Global Serv,514330,ONEGLOBAL,0.75,ONEGLOBAL,Healthcare Service Provider
NTC Industries,526723,ONTIC,0.75,ONTIC,Cigarettes & Tobacco Products
Goodricke Group,500166,GOODRICKE,0.75,GOODRICKE,Tea & Coffee
ANS Industries,531406,EVANS,0.75,EVANS,Other Beverages
Milestone Furn.,541337,MILESTONE,0.75,MILESTONE,Furniture
Indong Tea Co,543769,INDONG,0.75,INDONG,Tea & Coffee
Mercury EV-Tech,531357,MERCURYEV,0.75,MERCURYEV,Passenger Cars & Utility Vehicles
Aadi Industries,530027,AAIL,0.75,AAIL,Petrochemicals
Haryana Fin. Co.,530927,HARAFIN,0.7368421052631579,HARAFIN,Financial Institution
Midwest Gold,526570,MIDWEST,0.7368421052631579,MIDWEST,Other Construction Materials
Shardul Sec.,512393,SHARDUL,0.7368421052631579,SHARDUL,Stockbroking & Allied
WSFX Global,511147,SVGLOBAL,0.7368421052631579,SVGLOBAL,Financial Technology (Fintech)
7Seas Enter.,540874,SAENTER,0.7368421052631579,SAENTER,Digital Entertainment
Choksi Asia,530427,CHOKSILA,0.7368421052631579,CHOKSILA,Medical Equipment & Supplies
Elantas Beck,500123,ELANTAS,0.7368421052631579,ELANTAS,Specialty Chemicals
Magenta Life,544188,MAGENTA,0.7368421052631579,MAGENTA,Furniture
Vijay Solvex,531069,VIJSOLX,0.7368421052631579,VIJSOLX,Edible Oil
Prima Plastics,530589,PRIMAPLA,0.7272727272727273,PRIMAPLA,Plastic Products - Consumer
Dhabriya Poly.,538715,DHABRIYA,0.7272727272727273,DHABRIYA,Plastic Products - Industrial
Polylink Poly.,531454,POLYLINK,0.7272727272727273,POLYLINK,Petrochemicals
Triveni Glass,502281,TRIVENIGQ,0.7272727272727273,TRIVENIGQ,Other Construction Materials
Fine Line Cir.,517264,FINELINE,0.7272727272727273,FINELINE,Computers Hardware & Equipments
Jai Mata Glass,523467,JAIMATAG,0.7272727272727273,JAIMATAG,Other Construction Materials
Banganga Paper,512025,BANGANGA,0.7272727272727273,BANGANGA,Diversified Commercial Services
N S D L,544467,NSDL,0.7272727272727273,NSDL,Depositories
Calcom Vision,517236,CATVISION,0.7272727272727273,CATVISION,Consumer Electronics
Datiware Mari.,519413,DATIWARE,0.7272727272727273,DATIWARE,Shipping
Transpek Inds.,506687,TRANSPEK,0.7272727272727273,TRANSPEK,Commodity Chemicals
Shiva Granito,540072,SHIVAAGRO,0.7272727272727273,SHIVAAGRO,Other Construction Materials
Virtual Global,534741,VIRTUALG,0.7272727272727273,VIRTUALG,Education
Comfort Intech,531216,COMFINTE,0.7272727272727273,COMFINTE,Breweries & Distilleries
Quadrant Tele.,511116,QUADRANT,0.7272727272727273,QUADRANT,Telecom - Cellular & Fixed line services
Golden Crest,540062,GREENCREST,0.7272727272727273,GREENCREST,Education
Tanvi Foods,540332,ANJANIFOODS,0.7272727272727273,ANJANIFOODS,Packaged Foods
Gujarat Intrux,517372,GUJINTRX,0.7272727272727273,GUJINTRX,Castings & Forgings
Mishtann Foods,539594,MISHTANN,0.7272727272727273,MISHTANN,Packaged Foods
Ironwood Educa,508918,IRONWOOD,0.7272727272727273,IRONWOOD,Education
Nath Industries,502587,NATHIND,0.7272727272727273,NATHIND,Paper & Paper Products
Nilachal Carbo,544510,NILACHAL,0.7272727272727273,NILACHAL,Ferro & Silica Manganese
Mizzen Ventures,531537,MKVENTURES,0.72,MKVENTURES,Diversified Commercial Services
Panasonic Carbon,508941,PANCARBON,0.72,PANCARBON,Electrodes & Refractories
Onesource Indus.,530805,SOURCEIND,0.72,SOURCEIND,Consulting Services
Ascensive Educa.,543443,ASCENSIVE,0.72,ASCENSIVE,Education
Khazanchi Jewell,543953,KHAZANCHI,0.72,KHAZANCHI,Gems
India Home Loans,530979,INDIAHOME,0.72,INDIAHOME,Housing Finance Company
Morganite Crucib,523160,MORGANITE,0.72,MORGANITE,Electrodes & Refractories
Alan Scott Ente.,539115,ALANSCOTT,0.72,ALANSCOTT,Film Production
Aimco Pesticides,524288,AIMCOPEST,0.72,AIMCOPEST,Pesticides & Agrochemicals
Technvision Ven.,501421,TECHNVISN,0.72,TECHNVISN,Software Products
Raconteur Global,541703,ONEGLOBAL,0.72,ONEGLOBAL,Speciality Retail
Sharpline Broadc,543341,SHARPLINE,0.72,SHARPLINE,Advertising & Media Agencies
Milestone Global,531338,ONEGLOBAL,0.72,ONEGLOBAL,Other Construction Materials
Clenon Enterpri,517564,BCLENTERPR,0.72,BCLENTERPR,Telecom -  Equipment & Accessories
Panasonic Energy,504093,PANAENERG,0.72,PANAENERG,Household Products
Tamboli Industri,533170,TAMBOLIIN,0.72,TAMBOLIIN,Holding Company
Frontline Corp.,532042,FRONTCORP,0.7142857142857143,FRONTCORP,Road Transport
Terai Tea Co,530533,TERAI,0.7142857142857143,TERAI,Tea & Coffee
Patron Exim,543798,PATRON,0.7058823529411765,PATRON,Trading - Chemicals
NB Footwear,523242,NBFOOT,0.7058823529411765,NBFOOT,Leather And Leather Products
Megri Soft,539012,ERPSOFT,0.7058823529411765,ERPSOFT,Data Processing Services
SC Agrotech,526081,SCAGRO,0.7058823529411765,SCAGRO,Dairy Products
LKP Finance,507912,LKPFIN,0.7058823529411765,LKPFIN,Other Financial Services
Marble City,531281,MARBLE,0.7058823529411765,MARBLE,Other Construction Materials
Pee Cee Cosma,524136,PCCOSMA,0.7,PCCOSMA,Household Products
Globus Power,526025,COSPOWER,0.7,COSPOWER,Power Generation
Hariyana Ship,526931,HRYNSHP,0.7,HRYNSHP,Ship Building & Allied Services
CHD Chemicals,539800,CHDCHEM,0.7,CHDCHEM,Trading - Chemicals
Oriental Rail,531859,ORIRAIL,0.7,ORIRAIL,Other Industrial Products
Odyssey Tech.,530175,ODYSSEY,0.7,ODYSSEY,Software Products
Sungold Media,541799,SUNGOLD,0.7,SUNGOLD,Advertising & Media Agencies
Vintron Info.,517393,VINTRON,0.7,VINTRON,Computers Hardware & Equipments
Chatha Foods,544151,SHAHFOOD,0.7,SHAHFOOD,Packaged Foods
Duke Offshore,531471,DUKEOFS,0.7,DUKEOFS,Oil Equipment & Services
Supertech EV,544428,SUPERTEX,0.7,SUPERTEX,2/3 Wheelers
Oceanic Foods,540405,OCEANIC,0.7,OCEANIC,Other Food Products
Lotus Chocolate,523475,LOTUSCHO,0.6956521739130435,LOTUSCHO,Packaged Foods
Starlog Enterp.,520155,STARLENT,0.6956521739130435,STARLENT,Port & Port services
Elitecon Inter.,539533,ELITECON,0.6956521739130435,ELITECON,Cigarettes & Tobacco Products
Raghunath Intl.,526813,RAGHUNAT,0.6956521739130435,RAGHUNAT,Cigarettes & Tobacco Products
Uniroyal Marine,526113,UNIROYAL,0.6956521739130435,UNIROYAL,Seafood
Iconik Sports,511260,ICONIKSPEV,0.6956521739130435,ICONIKSPEV,Other Financial Services
Shilp Gravures,513709,SHILGRAVQ,0.6956521739130435,SHILGRAVQ,Aluminium
Rajasthan Gases,526873,RAJGASES,0.6956521739130435,RAJGASES,Refineries & Marketing
Shri Gang Indus,523309,SHRIGANG,0.6956521739130435,SHRIGANG,Breweries & Distilleries
Inter State Oil,530259,INTSTOIL,0.6956521739130435,INTSTOIL,Road Transport
Sacheta Metals,531869,SHREMETAL,0.6956521739130435,SHREMETAL,Aluminium
Global Offshore,501848,GLOBOFFS,0.6956521739130435,GLOBOFFS,Shipping
Informed Techn.,504810,INFORTEC,0.6956521739130435,INFORTEC,Business Process Outsourcing (BPO)/ Knowledge Process Outsourcing (KPO)
Hathway Bhawani,509073,HATHWAYB,0.6956521739130435,HATHWAYB,TV Broadcasting & Software Production
Bandaram Pharma,524602,BANDARAM,0.6956521739130435,BANDARAM,Healthcare Service Provider
Adcounty Media.,544435,ADCOUNTY,0.6956521739130435,ADCOUNTY,Web based media and service
Sharvaya Metals,544506,SHARVAYA,0.6956521739130435,SHARVAYA,Aluminium
VXL Instruments,517399,VXLINSTR,0.6956521739130435,VXLINSTR,Consumer Electronics
Shri Venkatesh,543373,SHREENATH,0.6956521739130435,SHREENATH,Edible Oil
Vadilal Enterp.,519152,VADILENT,0.6956521739130435,VADILENT,Dairy Products
Poona Dal & Oil,519359,POONADAL,0.6956521739130435,POONADAL,Edible Oil
Swasti Vin. Art,512257,SWASTIVI,0.6956521739130435,SWASTIVI,Diversified
Superior Indus.,519234,SUPERIOR,0.6956521739130435,SUPERIOR,Edible Oil
POCL Enterprises,539195,BCLENTERPR,0.6923076923076923,BCLENTERPR,Commodity Chemicals
Amanaya Ventures,543804,MKVENTURES,0.6923076923076923,MKVENTURES,Precious Metals
Balgopal Commer.,539834,KALPACOMME,0.6923076923076923,KALPACOMME,Trading & Distributors
N G Industries,530897,ANG,0.6666666666666666,ANG,Healthcare Service Provider
NIS Management,544495,NISMGMT,0.6666666666666666,NISMGMT,Other Consumer Services
Exhicon Events,543895,EXHICON,0.6666666666666666,EXHICON,Other Consumer Services
Vikram Kamats,539659,VIKRAMTH,0.6666666666666666,VIKRAMTH,Restaurants
Computer Point,507833,COMPUPN,0.6666666666666666,COMPUPN,Computers Hardware & Equipments
Vashu Bhagnani,532011,VASUDHAGAM,0.6666666666666666,VASUDHAGAM,Film Production
Glittek Granites,513528,GLITTEKG,0.6666666666666666,GLITTEKG,Other Construction Materials
Simran Farms,519566,SIMRAN,0.6666666666666666,SIMRAN,Meat Products including Poultry
Shalimar Prod.,512499,SHALPRO,0.6666666666666666,SHALPRO,Media & Entertainment
Nidhi Granites,512103,NIDHGRN,0.6666666666666666,NIDHGRN,Other Construction Materials
Lerthai Finance,502250,JAFINANCE,0.6666666666666666,JAFINANCE,Other Construction Materials
Panorama Studios,539469,PANORAMA,0.6666666666666666,PANORAMA,Film Production
Indian Sucrose,500319,INDSUCR,0.6666666666666666,INDSUCR,Sugar
Valencia Nutrit.,542910,VALENCIA,0.6666666666666666,VALENCIA,Other Beverages
Orient Beverages,507690,ORIBEVER,0.6666666666666666,ORIBEVER,Other Beverages
Shree Pacetronix,527005,SHREEPAC,0.6666666666666666,SHREEPAC,Medical Equipment & Supplies
Virat Crane Inds,519457,VIRATCRA,0.6666666666666666,VIRATCRA,Dairy Products
RCI Industries,537254,RIR,0.6666666666666666,RIR,Aluminium
Kothari Indl,509732,TAIIND,0.6666666666666666,TAIIND,Fertilizers
Ace Soft. Exp.,531525,ACESOFT,0.6666666666666666,ACESOFT,Software Products
Thinkink Picture,539310,THINKINK,0.6666666666666666,THINKINK,Advertising & Media Agencies
Prevest Denpro,543363,PREVEST,0.6666666666666666,PREVEST,Medical Equipment & Supplies
Rajesh Power,544291,RAJESH,0.6666666666666666,RAJESH,Multi Utilities
Bharat Global,521238,BHARATROHAN,0.6666666666666666,BHARATROHAN,Computers Hardware & Equipments
Tejnaksh Health.,539428,TEJNAKSH,0.6666666666666666,TEJNAKSH,Healthcare Service Provider
Shricon Indus.,508961,SHRICON,0.6666666666666666,SHRICON,Real Estate related services
Eco Recyc.,530643,ECORECO,0.6666666666666666,ECORECO,Waste Management
Ecoboard Inds.,523732,ECOBOAR,0.6666666666666666,ECOBOAR,Plywood Boards/ Laminates
Golkonda Alumin.,513309,GOLKONDA,0.6666666666666666,GOLKONDA,Aluminium
Nexxus Petro,544265,NEXXUS,0.6666666666666666,NEXXUS,Petrochemicals
Ultramarine Pig.,506685,ULTRAMAR,0.6666666666666666,ULTRAMAR,Dyes And Pigments
Novateor Resear.,542771,NOVATEOR,0.6666666666666666,NOVATEOR,Personal Care
Swastika Investm,530585,SWASTIKA,0.6666666666666666,SWASTIKA,Stockbroking & Allied
Macfos,543787,COSCO,0.6666666666666666,COSCO,E-Retail/ E-Commerce
Synthiko Foils,513307,SYNTHFO,0.6666666666666666,SYNTHFO,Aluminium
Ahasolar Technol,543941,AHASOLAR,0.6666666666666666,AHASOLAR,E-Retail/ E-Commerce
Finelistings Tec,544173,FINELINE,0.6666666666666666,FINELINE,E-Retail/ E-Commerce
Ambar Protein,519471,AMBARPIL,0.6666666666666666,AMBARPIL,Edible Oil
Diligent Indust.,531153,DILIGENT,0.6666666666666666,DILIGENT,Edible Oil
Eastern Treads,531346,EASTRED,0.6666666666666666,EASTRED,Tyres & Rubber Products
Bambino Agro Ind,519295,AMBOAGRI,0.6666666666666666,AMBOAGRI,Packaged Foods
FratelliVineyard,541741,FRATELLI,0.6666666666666666,FRATELLI,Breweries & Distilleries
Creative Casting,539527,CREATIVE,0.6666666666666666,CREATIVE,Castings & Forgings
Amic Forging,544037,AMFORG,0.6666666666666666,AMFORG,Castings & Forgings
Empire Inds.,509525,EMPIND,0.6666666666666666,EMPIND,Diversified
Gala Global,539228,NAPSGLOBAL,0.6666666666666666,NAPSGLOBAL,Stationary
Waaree Tech.,539337,WAAREE,0.6666666666666666,WAAREE,Power Generation
Nilachal Refract,502294,NILACHAL,0.6666666666666666,NILACHAL,Electrodes & Refractories
Quint Digital,539515,QUANTDIA,0.6666666666666666,QUANTDIA,Electronic Media
Pratik Panels,526490,PRATIKSH,0.6666666666666666,PRATIKSH,Forest Products
Tuticorin Alkali,506808,TUTIALKA,0.6666666666666666,TUTIALKA,Commodity Chemicals
Cochin Malabar,508571,COCHINM,0.6666666666666666,COCHINM,Tyres & Rubber Products
Interactive Fin,539692,INTEGRAEN,0.6666666666666666,INTEGRAEN,Other Capital Market related Services
ABans Enterprise,512165,ABANSENT,0.6666666666666666,ABANSENT,Trading - Metals
Adeshwar Meditex,543309,ADESHWAR,0.6666666666666666,ADESHWAR,Healthcare Research
LS Industries,514446,ALSL,0.6666666666666666,ALSL,Trading - Minerals
Emergent Indust.,506180,EMERGENT,0.6666666666666666,EMERGENT,Trading - Metals
Transgene Biotek,526139,TULASEEBIOE,0.6666666666666666,TULASEEBIOE,Healthcare Service Provider
Getalong Enterp.,543372,GETALONG,0.6666666666666666,GETALONG,Consulting Services
Gagan Gases,524624,GAJANANSEC,0.6666666666666666,GAJANANSEC,Industrial Gases
U P Hotels,509960,UPHOT,0.6666666666666666,UPHOT,Hotels & Resorts
Competent Auto,531041,COMPEAU,0.6666666666666666,COMPEAU,Auto Dealer
Vanta Bioscience,540729,VANTABIO,0.6666666666666666,VANTABIO,Healthcare Research
Artefact Project,531297,ARTEFACT,0.6666666666666666,ARTEFACT,Consulting Services
Choksi Laborator,526546,CHOKSILA,0.6666666666666666,CHOKSILA,Healthcare Service Provider
ABC India,520123,ADCINDIA,0.6666666666666666,ADCINDIA,Road Transport
Anka India,531673,TANAA,0.6666666666666666,TANAA,Leather And Leather Products
AI Champ.Inds.,532806,AICHAMP,0.6666666666666666,AICHAMP,Jute & Jute Products
Avance Tech.,512149,AVANCE,0.6666666666666666,AVANCE,Software Products
RR Metalmakers,531667,RRMETAL,0.6666666666666666,RRMETAL,Trading - Metals
Ajwa Fun World,526628,AJWAFUN,0.6666666666666666,AJWAFUN,Amusement Parks/ Other Recreation
Shivam Chemicals,544165,SHIVACEM,0.6666666666666666,SHIVACEM,Animal Feed
Starlineps Enter,540492,STARLENT,0.6666666666666666,STARLENT,Trading - Minerals
A-1,542012,A1L,0.6666666666666666,A1L,Trading - Chemicals
Sunrise Efficie.,543515,UNIOFFICE,0.64,UNIOFFICE,Trading & Distributors
Brisk Technovisi,544101,TECHNVISN,0.64,TECHNVISN,Computers Hardware & Equipments
Jetking Infotrai,517063,KINGSINFR,0.64,KINGSINFR,E-Learning
Aayush Wellness,539528,AAYUSHBULL,0.64,AAYUSHBULL,Packaged Foods
Abate As Indust,531658,JATTAINDUS,0.64,JATTAINDUS,Hospital
Yuvraaj Hygiene,531663,YUVRAAJHPL,0.64,YUVRAAJHPL,Household Products
Sodhani Academy,544257,SHANTIDENM,0.64,SHANTIDENM,E-Learning
Ravi Leela Gran,526095,RALEGRA,0.6363636363636364,RALEGRA,Other Construction Materials
Novelix Pharma.,536565,NOVELIX,0.6363636363636364,NOVELIX,Healthcare Research
Inland Printers,530787,INLANPR,0.6363636363636364,INLANPR,Printing & Publication
Mayur Floorings,531221,MAYURFL,0.6363636363636364,MAYURFL,Other Construction Materials
Veritas (India),512229,VERITAS,0.6363636363636364,VERITAS,Trading & Distributors
Valiant Commun.,526775,VALIANT,0.6363636363636364,VALIANT,Telecom -  Equipment & Accessories
Manraj Hsg.Fin.,530537,MANRAJH,0.6363636363636364,MANRAJH,Housing Finance Company
Tirupati Starch,524582,TIRUSTA,0.6363636363636364,TIRUSTA,Other Food Products
Sailani Tours N,543541,SAILANI,0.6363636363636364,SAILANI,Tour
Dec.Gold Mines,512068,DECNGOLD,0.6363636363636364,DECNGOLD,Precious Metals
Duroply Indust.,516003,DUROPLY,0.6363636363636364,DUROPLY,Plywood Boards/ Laminates
Gourmet Gateway,506134,GOURMET,0.6363636363636364,GOURMET,Restaurants
N D Metal Inds.,512024,NDMETAL,0.6363636363636364,NDMETAL,Copper
Bhilwara Tech,533108,SHILCTECH,0.6363636363636364,SHILCTECH,Trading - Textile Products
Elegant Marbles,526705,ELANTAS,0.6363636363636364,ELANTAS,Granites & Marbles
Agarwal Fortune,530765,AGARWAL,0.6363636363636364,AGARWAL,Glass - Industrial
Galaxy Bearings,526073,GALXBRG,0.6363636363636364,GALXBRG,Abrasives & Bearings
Nisus Finance,544296,JAFINANCE,0.6363636363636364,JAFINANCE,Holding Company
Bright Outdoor,543831,BRIGHTBR,0.6363636363636364,BRIGHTBR,Advertising & Media Agencies
Advait Energy,543230,PANAENERG,0.6363636363636364,PANAENERG,Cables - Electricals
VVIP Infratech,544219,PVVINFRA,0.6363636363636364,PVVINFRA,Waste Management
Adhata Global,531286,TATIAGLOB,0.6363636363636364,TATIAGLOB,Plywood Boards/ Laminates
Dharni Capital,543753,HARIAAPL,0.6363636363636364,HARIAAPL,Financial Products Distributor
Bizotic Commer.,543926,BIZOTIC,0.6363636363636364,BIZOTIC,Garments & Apparels
ABM Knowledge,531161,ABMKNO,0.631578947368421,ABMKNO,Software Products
Sumuka Agro,532070,SWANAGRO,0.631578947368421,SWANAGRO,Packaged Foods
EKI Energy,543284,ENERGYINF,0.631578947368421,ENERGYINF,Consulting Services
Jaykay Enter.,500306,JAYKAY,0.631578947368421,JAYKAY,Aerospace & Defense
Ovobel Foods,530741,OVOBELE,0.631578947368421,OVOBELE,Meat Products including Poultry
Royal Sense,544143,ROYALIND,0.631578947368421,ROYALIND,Medical Equipment & Supplies
Natl. Oxygen,507813,NATGENI,0.631578947368421,NATGENI,Industrial Gases
KIC Metaliks,513693,BIMETAL,0.631578947368421,BIMETAL,Iron & Steel
Media Matrix,512267,DIAMANT,0.631578947368421,DIAMANT,Film Production
Retina Paints,543902,RETINA,0.631578947368421,RETINA,Paints
Inani Marbles,531129,MARBLE,0.631578947368421,MARBLE,Other Construction Materials
Essex Marine,544475,ESARIND,0.631578947368421,ESARIND,Seafood
CFF Fluid,543920,FLUIDOM,0.625,FLUIDOM,Aerospace & Defense
Timex Group,500414,TIMEX,0.625,TIMEX,Gems
Aveer Foods,543737,AVEER,0.625,AVEER,Packaged Foods
Tasty Dairy,540955,ASTAR,0.625,ASTAR,Dairy Products
ACI Infocom,517356,AFCOM,0.625,AFCOM,Computers Hardware & Equipments
Baba Arts,532380,ABATEAS,0.625,ABATEAS,Film Production
Sai Swami Metals,544170,LATIMMETAL,0.6153846153846154,LATIMMETAL,Household Appliances
Sharma E I Hosp.,524548,SAHARAHOUS,0.6153846153846154,SAHARAHOUS,Healthcare Service Provider
Sampre Nutrition,530617,SEKURITIND,0.6153846153846154,SEKURITIND,Packaged Foods
TAAL Enterprises,539956,BCLENTERPR,0.6153846153846154,BCLENTERPR,Airline
Zeal Aqua,539963,ZEAL,0.6153846153846154,ZEAL,Seafood
Jaipan Industrie,505840,JATTAINDUS,0.6153846153846154,JATTAINDUS,Household Appliances
Wardwizard Foods,539132,WARDWIZFBL,0.6153846153846154,WARDWIZFBL,Other Food Products
Pune e,544141,PANELEC,0.6153846153846154,PANELEC,Stockbroking & Allied
Nanavati Venture,543522,AGVENTURES,0.6153846153846154,AGVENTURES,Precious Metals
Citizen Infoline,538786,CITYONLINE,0.6153846153846154,CITYONLINE,Print Media
Basant Agro Tech,524687,BNAGROCHEM,0.6153846153846154,BNAGROCHEM,Fertilizers
Sharat Industrie,519397,SARUPINDUS,0.6153846153846154,SARUPINDUS,Seafood
Tarini Internat.,538496,TRINITYLEA,0.6153846153846154,TRINITYLEA,Consulting Services
Aditya Consumer,540146,ADITYASP,0.6086956521739131,ADITYASP,Diversified Retail
Bengal Tea & Fab,532230,BENGALT,0.6086956521739131,BENGALT,Tea & Coffee
Kachchh Minerals,531778,KACHCHH,0.6086956521739131,KACHCHH,Industrial Minerals
Cont. Petroleums,523232,CONTPTR,0.6086956521739131,CONTPTR,Refineries & Marketing
Raw Edge Indust.,541634,RAWEDGE,0.6086956521739131,RAWEDGE,Industrial Minerals
Bluegod Enterta.,539175,BLUEGOD,0.6086956521739131,BLUEGOD,Media & Entertainment
Diksat Transworl,540151,KARANWO,0.6086956521739131,KARANWO,Film Production
Dr Agarwal's Eye,526783,AGARWAL,0.6086956521739131,AGARWAL,Hospital
Crystal Business,540821,CRYSTAL,0.6086956521739131,CRYSTAL,TV Broadcasting & Software Production
Parshva Enterpr.,542694,PARSHVA,0.6086956521739131,PARSHVA,Trading & Distributors
Ador Multi Prod.,523120,ADORMUL,0.6086956521739131,ADORMUL,Personal Care
Transglobe Foods,519367,TRANSFD,0.6086956521739131,TRANSFD,Other Beverages
Tiaan Consumer,540108,TITAANIUM,0.6086956521739131,TITAANIUM,Personal Care
Royal Cush. Vin.,526193,ROYALCU,0.6086956521739131,ROYALCU,Granites & Marbles
Naturo Indiabull,543579,NATURAL,0.6086956521739131,NATURAL,Personal Care
V R Films & Stud,542654,VRFILMS,0.6086956521739131,VRFILMS,Film Production
Mac Charles(I),507836,MCCHRLS_B,0.6086956521739131,MCCHRLS_B,Hotels & Resorts
Comrade Applian.,543921,COMRADE,0.6086956521739131,COMRADE,Consumer Electronics
Galactico Corpo.,542802,GALACTICO,0.6086956521739131,GALACTICO,Diversified
Indl.& Prud.Inv.,501298,INDPRUD,0.6086956521739131,INDPRUD,Investment Company
Sika Interplant,523606,STELLANT,0.6086956521739131,STELLANT,Aerospace & Defense
Medinova Diagno.,526301,MEDINOV,0.6086956521739131,MEDINOV,Healthcare Service Provider
Panth Infinity,539143,SAKTHIFIN,0.6086956521739131,SAKTHIFIN,Diversified
Taneja Aerospace,522229,AERPACE,0.6086956521739131,AERPACE,Aerospace & Defense
Elcid Investment,503681,ELCIDIN,0.6086956521739131,ELCIDIN,Investment Company
Guj. Petrosynth.,506858,GUJPETR,0.6086956521739131,GUJPETR,Petrochemicals
South. Magnesium,513498,SOUTHMG,0.6086956521739131,SOUTHMG,Industrial Minerals
Benares Hotels,509438,ECOHOTELS,0.6086956521739131,ECOHOTELS,Hotels & Resorts
Siyaram Recycli.,544047,SIYARAM,0.6086956521739131,SIYARAM,Other Industrial Products
Maruti Interior,543464,MARUTISE,0.6086956521739131,MARUTISE,Houseware
Inflame Applian.,541083,INFLAME,0.6086956521739131,INFLAME,Houseware
VJTF Eduservices,509026,VJTFEDU,0.6086956521739131,VJTFEDU,Education
Keltech Energies,506528,KELENRG,0.6086956521739131,KELENRG,Explosives
Gorani Industrie,531608,GORANIN,0.6086956521739131,GORANIN,Houseware
Bondada Engineer,543971,BONDADA,0.6086956521739131,BONDADA,Telecom - Infrastructure
Likhami Consult.,539927,LIKHAMI,0.6086956521739131,LIKHAMI,Consulting Services
Restile Ceramics,515085,RESTILE,0.6086956521739131,RESTILE,Ceramics
Maitri Enterp.,513430,VAPIENTER,0.6086956521739131,VAPIENTER,Aluminium
Yaan Enterprises,538521,YAANENT,0.6086956521739131,YAANENT,Tour
Kiran Print Pack,531413,KIRANPR,0.6086956521739131,KIRANPR,Printing & Publication
High Energy Bat.,504176,HIGHENE,0.6086956521739131,HIGHENE,Household Products
Baroda Extrusion,513502,BAROEXT,0.6086956521739131,BAROEXT,Aluminium
RRPSemiconductor,504346,RRSECUR,0.6086956521739131,RRSECUR,Other Financial Services
Alstone Textiles,539277,ALSTONE,0.6086956521739131,ALSTONE,Distributors
Landmark Global,544341,LANDMARC,0.6086956521739131,LANDMARC,Tour
Teesta Agro Ind.,524204,ESARIND,0.6086956521739131,ESARIND,Fertilizers
Justo Realfin,544542,GUJSTATFIN,0.6086956521739131,GUJSTATFIN,Real Estate related services
Sea TV Network,533268,ISTRNETWK,0.6086956521739131,ISTRNETWK,TV Broadcasting & Software Production
Laffans Petroch,524522,LAFFANSQ,0.6086956521739131,LAFFANSQ,Trading - Chemicals
Monika Alcobev,544451,MONIKA,0.6,MONIKA,Breweries & Distilleries
Shakti Press,526841,USHAKIRA,0.6,USHAKIRA,Printing & Publication
Mafia Trends,543613,MAFATIND,0.6,MAFATIND,Speciality Retail
Perfect-Octave,521062,OCTAVE,0.6,OCTAVE,TV Broadcasting & Software Production
Logica Infoway,543746,LOGICA,0.6,LOGICA,Speciality Retail
Utique Enterp.,500014,UTIQUE,0.6,UTIQUE,Precious Metals
Brady & Morris,505690,BRADYM,0.6,BRADYM,Construction Vehicles
Aspira Pathlab,540788,ASPIRA,0.6,ASPIRA,Healthcare Service Provider
Ekansh Concept,531364,EKANSH,0.6,EKANSH,Consulting Services
Dindigul Farm,544201,INDGELA,0.6,INDGELA,Dairy Products
IIRM Holdings,526530,MODINSU,0.6,MODINSU,Consulting Services
Solvex Edibles,544539,SOLVEX,0.6,SOLVEX,Edible Oil
Dolfin Rubbers,542013,DOLFIN,0.6,DOLFIN,Tyres & Rubber Products
Chrome Silicon,513005,CHROME,0.6,CHROME,Ferro & Silica Manganese
Amin Tannery,541771,MISHTANN,0.6,MISHTANN,Leather And Leather Products
Vivaa Tradecom,544002,VAARAD,0.6,VAARAD,Trading - Textile Products
Alacrity Sec.,535916,LACTOSE,0.6,LACTOSE,Other Financial Services
Umiya Mobile,544464,UMIYA,0.5882352941176471,UMIYA,Speciality Retail
Aztec Fluids,544177,AZTEC,0.5882352941176471,AZTEC,Computers Hardware & Equipments
Shriram AMC,531359,SHIVAM,0.5882352941176471,SHIVAM,Asset Management Company
Indag Rubber,509162,INDAG,0.5882352941176471,INDAG,Tyres & Rubber Products
Kore Foods,500458,MLKFOOD,0.5882352941176471,MLKFOOD,Other Food Products
Aarnav Fashions,539562,KARNAVATI,0.5833333333333334,KARNAVATI,Trading - Textile Products
Transpact Enter.,542765,TRANSPEK,0.5833333333333334,TRANSPEK,Medical Equipment & Supplies
Artificial Elect,526443,ARTEFACT,0.5833333333333334,ARTEFACT,Software Products
Integ. Industrie,531889,INTEGHIT,0.5833333333333334,INTEGHIT,Holding Company
Inv.& Prec.Cast.,504786,INVPRECQ,0.5833333333333334,INVPRECQ,Castings & Forgings
Real Eco-Energy,530053,SRMENERGY,0.5833333333333334,SRMENERGY,Refineries & Marketing
Golden Carpets,531928,GREENCREST,0.5833333333333334,GREENCREST,Furniture
Eraaya Lifespace,531035,RAYALEMA,0.5833333333333334,RAYALEMA,2/3 Wheelers
ASM Technologies,526433,CHLOGIST,0.5833333333333334,CHLOGIST,Computers - Software & Consulting
Shanti Educat.,539921,SHANTIDENM,0.5833333333333334,SHANTIDENM,Education
Krypton Industri,523550,KRYPTONQ,0.5833333333333334,KRYPTONQ,Diversified
Steelman Telecom,543622,STELLANT,0.5833333333333334,STELLANT,Other Telecom Services
Magna Electrocas,517449,MAGNAELQ,0.5833333333333334,MAGNAELQ,Castings & Forgings
Khemani Distrib.,539788,KEMISTAR,0.5833333333333334,KEMISTAR,Distributors
Kothari Ferment.,507474,FERMENTA,0.5833333333333334,FERMENTA,Other Food Products
Escorp Asset Mgt,540455,ECOPLAST,0.5833333333333334,ECOPLAST,Other Financial Services
Paul Merchants,539113,MERCANTILE,0.5833333333333334,MERCANTILE,Other Financial Services
Yash Trad.& Fin.,512345,AASTAFIN,0.5833333333333334,AASTAFIN,Other Financial Services
NCC Blue Water,519506,ACCELERATE,0.5833333333333334,ACCELERATE,Seafood
Chennai Meena,523489,KENNAMET,0.5714285714285714,KENNAMET,Healthcare Service Provider
Gothi Plascon,531111,GOELCONS,0.5714285714285714,GOELCONS,Houseware
Nivaka Fashions,542206,NIVAKA,0.5714285714285714,NIVAKA,Trading - Textile Products
Nagpur Power,532362,AGIOPAPER,0.5714285714285714,AGIOPAPER,Ferro & Silica Manganese
Krupalu Metals,544509,RRMETAL,0.5714285714285714,RRMETAL,Aluminium
KMC Speciality,524520,KMCSHIL,0.5714285714285714,KMCSHIL,Hospital
Anand Rayons,542721,PANCARBON,0.5714285714285714,PANCARBON,Trading - Textile Products
Modern Dairies,519287,MODAIRY,0.5714285714285714,MODAIRY,Dairy Products
Jonjua Overseas,542446,JONJUA,0.5714285714285714,JONJUA,Consulting Services
G-Tech Info.,532139,TECHNVISN,0.5714285714285714,TECHNVISN,Business Process Outsourcing (BPO)/ Knowledge Process Outsourcing (KPO)
Blue Pearl Agri,514440,BPAGRI,0.5714285714285714,BPAGRI,Commodity Chemicals
Evexia Lifecare,524444,EVEXIA,0.5714285714285714,EVEXIA,Trading - Chemicals
Altius Telecom,543225,AUSTERE,0.5714285714285714,AUSTERE,Telecom - Infrastructure
Manoj Ceramic,544073,PANORAMA,0.5714285714285714,PANORAMA,Ceramics
Available Fin.,531310,AVAILFC,0.5714285714285714,AVAILFC,Other Financial Services
Arunjyoti Bio,530881,VANTABIO,0.5714285714285714,VANTABIO,Other Financial Services
TGV Sraac,507753,TGVSL,0.5714285714285714,TGVSL,Commodity Chemicals
Tierra Agrotech,543531,TIERRA,0.5714285714285714,TIERRA,Other Agricultural Products
JLA Infraville,538765,MAINFRA,0.5714285714285714,MAINFRA,Internet & Catalogue Retail
Balurghat Tech,520127,NAGTECH,0.5714285714285714,NAGTECH,Road Transport
Olympic Cards,534190,PICCASUG,0.5714285714285714,PICCASUG,Leisure Products
Bangalore Fort,539120,BENGALT,0.5714285714285714,BENGALT,Jute & Jute Products
GKB Ophthalmics,533212,BOMTALKIES,0.56,BOMTALKIES,Medical Equipment & Supplies
EP Biocomposites,543595,ECOHOTELS,0.56,ECOHOTELS,Waste Management
Pace E-Commerce,543637,KALPACOMME,0.56,KALPACOMME,E-Retail/ E-Commerce
Paramount Cosmet,507970,PARMCOS_B,0.56,PARMCOS_B,Personal Care
DMR Engineering,543410,DARJEELING,0.56,DARJEELING,Consulting Services
Asarfi Hospital,543943,SAYAJIHOTL,0.56,SAYAJIHOTL,Hospital
Insolation Ener,543620,INNOVATORS,0.56,INNOVATORS,Power Generation
Travels & Rent.,544242,TRIVENIENT,0.56,TRIVENIENT,Tour
Welspun Special.,500365,WELSPLSOL,0.56,WELSPLSOL,Iron & Steel Products
Greenhitech Ven.,544163,RISHITECH,0.56,RISHITECH,Lubricants
PropshareTitania,544462,PARSHWANA,0.56,PARSHWANA,Real Estate Investment Trusts (REITs)
Orient Tradelink,531512,NORTHLINK,0.56,NORTHLINK,Film Production
Star Housing Fin,539017,SAKTHIFIN,0.56,SAKTHIFIN,Housing Finance Company
Sashwat Technoc,506313,SHRAAITECH,0.56,SHRAAITECH,Other Construction Materials
Ind Bank Housing,523465,INDUSFINL,0.56,INDUSFINL,Housing Finance Company
TCC Concept,512038,CONTPTR,0.5555555555555556,CONTPTR,Trading & Distributors
Palco Metals Ltd,539121,CALCOM,0.5555555555555556,CALCOM,Aluminium
Onix Solar,513119,SOLARIUM,0.5555555555555556,SOLARIUM,Copper
Tirupati Tyres,539040,SUPRATRE,0.5454545454545454,SUPRATRE,Tyres & Rubber Products
Naturewings Hol.,544245,NATURO,0.5454545454545454,NATURO,Tour
Riddhi Siddhi Gl,524480,RIDDHI,0.5454545454545454,RIDDHI,Trading & Distributors
Northern Spirits,542628,NORRIS,0.5454545454545454,NORRIS,Trading & Distributors
Billwin Indust.,543209,HINDUST,0.5454545454545454,HINDUST,Diversified
Rikhav Securitie,544340,RIKHAV,0.5454545454545454,RIKHAV,Stockbroking & Allied
Hemant Surgical,543916,VENTURA,0.5454545454545454,VENTURA,Medical Equipment & Supplies
Foundry Fuel,513579,BEFOUNDMOL,0.5454545454545454,BEFOUNDMOL,Coal
Jhaveri Credits,531550,VERITAS,0.5454545454545454,VERITAS,Other Financial Services
RIR Power Electr,517035,IPOWER,0.5454545454545454,IPOWER,Other Electrical Equipment
JK Agri Genetics,536493,JKAGRI,0.5454545454545454,JKAGRI,Other Agricultural Products
Walchand People,501370,WALCHPF,0.5454545454545454,WALCHPF,Consulting Services
Bhatia Communic.,540956,BHATIA,0.5454545454545454,BHATIA,Speciality Retail
Amkay Products,544169,AMPVOLTS,0.5454545454545454,AMPVOLTS,Medical Equipment & Supplies
Afcom Holdings,544224,KAMAHOLD,0.5454545454545454,KAMAHOLD,Logistics Solution Provider
Sh. Ajit Pulp,538795,SHASHIJIT,0.5454545454545454,SHASHIJIT,Paper & Paper Products
Invigorated Bus.,511716,INVIGO,0.5454545454545454,INVIGO,Consulting Services
String Metaverse,534535,SINGER,0.5454545454545454,SINGER,IT Enabled Services
Qualitek Labs,544091,VALLABHSQ,0.5454545454545454,VALLABHSQ,Consulting Services
Aashka Hospitals,543346,AASHKA,0.5454545454545454,AASHKA,Hospital
Deccan Healthcar,542248,DECCAN,0.5454545454545454,DECCAN,Healthcare Service Provider
Mardia Samyoung,513544,MARSONS,0.5454545454545454,MARSONS,Copper
Bonlon Industrie,543211,BONLON,0.5454545454545454,BONLON,Diversified Metals
Galaxy Cloud,506186,BLUECLOUDS,0.5454545454545454,BLUECLOUDS,Packaged Foods
Yash Highvoltage,544310,YASHHV,0.5454545454545454,YASHHV,Other Electrical Equipment
Lucent Industrie,539682,LUCENT,0.5454545454545454,LUCENT,Software Products
Kisan Mouldings,530145,MODINSU,0.5454545454545454,MODINSU,Plastic Products - Industrial
Naksh Precious,539402,PRECISIO,0.5454545454545454,PRECISIO,Auto Dealer
Sampat Aluminium,544520,SAMPAT,0.5454545454545454,SAMPAT,Aluminium
Encode Packaging,530733,ENCODE,0.5454545454545454,ENCODE,Print Media
Worth Investment,538451,TRIVENIENT,0.5384615384615384,TRIVENIENT,Investment Company
Sobhagya Mercant,512014,MERCANTILE,0.5384615384615384,MERCANTILE,Diversified Commercial Services
Resourceful Auto,544236,SOURCENTRL,0.5384615384615384,SOURCENTRL,Auto Dealer
Mehai Technology,540730,SHRAAITECH,0.5384615384615384,SHRAAITECH,Trading & Distributors
Indian Wood Prod,540954,INDIANACRY,0.5384615384615384,INDIANACRY,Forest Products
Wardwizard Inno.,538970,WARDINMOBI,0.5384615384615384,WARDINMOBI,2/3 Wheelers
Aelea Commoditi.,544213,KALPACOMME,0.5384615384615384,KALPACOMME,Other Agricultural Products
DAPS Advertising,543651,RAMAVISION,0.5384615384615384,RAMAVISION,Advertising & Media Agencies
Kotia Enterprise,539599,BCLENTERPR,0.5384615384615384,BCLENTERPR,Distributors
M M Rubber,509196,MRUTR,0.5333333333333333,MRUTR,Tyres & Rubber Products
Toss The Coin,544303,ATHCON,0.5263157894736842,ATHCON,Advertising & Media Agencies
Leo Dryfruits,544329,NORRIS,0.5263157894736842,NORRIS,Other Food Products
LGT Business,544489,GTNINDS,0.5263157894736842,GTNINDS,Tour
Genesis IBRC,514336,ZENIFIB,0.5263157894736842,ZENIFIB,Biotechnology
Monarch Surve.,544453,MERCURYEV,0.5217391304347826,MERCURYEV,Consulting Services
Olympia Industri,521105,OLYMPTX,0.5217391304347826,OLYMPTX,Internet & Catalogue Retail
DRA Consultants,540144,ADCOUNTY,0.5217391304347826,ADCOUNTY,Consulting Services
Add-Shop E-Reta.,541865,ASHOKRE,0.5217391304347826,ASHOKRE,E-Retail/ E-Commerce
Fone4 Communica.,543521,DECOMIC,0.5217391304347826,DECOMIC,E-Retail/ E-Commerce
BGIL Films & Tec,511664,IFINSEC,0.5217391304347826,IFINSEC,Film Production
South Asian Ent.,526477,TAALENT,0.5217391304347826,TAALENT,Amusement Parks/ Other Recreation
Jeevan Scienti.,538837,VADILENT,0.5217391304347826,VADILENT,Healthcare Research
Shashwat Furnis.,543519,AJWAFUN,0.5217391304347826,AJWAFUN,Furniture
Alexander Stamps,511463,ELANTAS,0.5217391304347826,ELANTAS,Diversified
Radhagobind Comm,539673,PRADHIN,0.5217391304347826,PRADHIN,Distributors
Lehar Footwears,532829,EASTWEST,0.5217391304347826,EASTWEST,Footwear
Svarnim Trade Ud,539911,VARIMAN,0.5217391304347826,VARIMAN,Trading - Textile Products
S. V. J. Enterp.,543799,SAENTER,0.5217391304347826,SAENTER,Paper & Paper Products
Krishanveer Forg,513369,KVFORGE,0.5217391304347826,KVFORGE,Castings & Forgings
Coastal Roadways,520131,STANROS,0.5217391304347826,STANROS,Road Transport
S I Paper Mills,516108,PARMSILK,0.5217391304347826,PARMSILK,Paper & Paper Products
Sh. Jagdamba Pol,512453,SHRJAGP,0.5217391304347826,SHRJAGP,Packaging
Intl. Travel Hse,500213,NCLRESE,0.5217391304347826,NCLRESE,Tour
Captain Polyplas,536974,NATPLAS,0.5217391304347826,NATPLAS,Plastic Products - Industrial
Colab Platforms,542866,ECOPLAST,0.5217391304347826,ECOPLAST,Other Financial Services
IMEC Services,513295,PRIMEFRESH,0.5217391304347826,PRIMEFRESH,Consulting Services
Polo Queen Ind.,540717,PARLEIND,0.5217391304347826,PARLEIND,Trading & Distributors
Guj.Nat.Resour.,513536,GUJINTRX,0.5217391304347826,GUJINTRX,Oil Exploration & Production
Mahasagar Travel,526795,AVASARA,0.5217391304347826,AVASARA,Road Transport
Centenial Surgic,531380,CONTILI,0.5217391304347826,CONTILI,Medical Equipment & Supplies
Neelamalai Agro,508670,BSELALGO,0.5217391304347826,BSELALGO,Tea & Coffee
KMS Medisurgi,540468,MODINSU,0.5,MODINSU,Medical Equipment & Supplies
COSCO (India),530545,COCHINM,0.5,COCHINM,Leisure Products
Jay Ambe Super.,544514,SUPER,0.5,SUPER,Diversified Retail
Virtuoso Optoel.,543597,VIRTUALG,0.5,VIRTUALG,Diversified consumer products
Hilltone Softwar,544308,INDTONER,0.5,INDTONER,Industrial Gases
Expo Engineering,526614,PIONRINV,0.5,PIONRINV,Other Industrial Products
B & A,508136,BNALTD,0.5,BNALTD,Tea & Coffee
Vantage Knowledg,539761,VANTABIO,0.5,VANTABIO,Education
Spel Semiconduct,517166,ELITECON,0.5,ELITECON,Other Electrical Equipment
Chennai Ferrous,539011,ANNAINFRA,0.5,ANNAINFRA,Trading - Metals
KP Green Engg.,544150,TECHKGREEN,0.5,TECHKGREEN,Heavy Electrical Equipment
Unick Fix-A-Form,541503,UNJHAFOR,0.5,UNJHAFOR,Printing & Publication
Mach Conferences,544248,ACCEDERE,0.5,ACCEDERE,Other Consumer Services
Agribio Spirits,539546,OROSMITHS,0.5,OROSMITHS,Breweries & Distilleries
Natl. Plywood,516062,NATPLAS,0.5,NATPLAS,Forest Products
Cupid Breweries,512361,CUPIDALBV,0.5,CUPIDALBV,Breweries & Distilleries
Genomic Valley,539206,GOGIACAPGL,0.5,GOGIACAPGL,Biotechnology
Yamuna Syndicate,540980,PANABYTE,0.5,PANABYTE,Trading & Distributors
